system,state,level,covariance,total_var_vs_II0,contrast_var_vs_II0
H4_1.0,CISD,II-A,HF prior,0.9707356086223031,0.9718585035236209
H4_1.0,CISD,II-A,"data only, 1.0e+04 pilot shots",0.6389330401013613,0.6685909362501334
H4_1.0,CISD,II-A,"data only, 1.0e+05 pilot shots",0.6293965576933629,0.6668968988423407
H4_1.0,CISD,II-A,"data only, 1.0e+06 pilot shots",0.6286702144780932,0.6674681784715347
H4_1.0,CISD,II-A,exact (oracle),0.6285634422032871,0.6670044293029378
H4_1.0,CISD,II-B,HF prior,0.9917401163470488,0.9483968704326865
H4_1.0,CISD,II-B,"data only, 1.0e+04 pilot shots",0.5987544567030364,0.6317539646915002
H4_1.0,CISD,II-B,"data only, 1.0e+05 pilot shots",0.5795348696375063,0.6266036546675441
H4_1.0,CISD,II-B,"data only, 1.0e+06 pilot shots",0.5774672017680038,0.6266502816888728
H4_1.0,CISD,II-B,exact (oracle),0.5771734185636526,0.6261350817350461
H4_2.0,CISD,II-A,HF prior,1.2541243666860822,0.9449969511315253
H4_2.0,CISD,II-A,"data only, 1.0e+04 pilot shots",0.2686539095980771,0.17220739363948392
H4_2.0,CISD,II-A,"data only, 1.0e+05 pilot shots",0.2634799511697657,0.1676349249527655
H4_2.0,CISD,II-A,"data only, 1.0e+06 pilot shots",0.2631276327661823,0.16779549985007622
H4_2.0,CISD,II-A,exact (oracle),0.26300731693205454,0.16816092523558573
H4_2.0,CISD,II-B,HF prior,1.3132536726971833,1.1218523105126443
H4_2.0,CISD,II-B,"data only, 1.0e+04 pilot shots",0.251885283891494,0.1529495514037556
H4_2.0,CISD,II-B,"data only, 1.0e+05 pilot shots",0.24264988424330436,0.14641129247833912
H4_2.0,CISD,II-B,"data only, 1.0e+06 pilot shots",0.2418750540003958,0.14678757287480218
H4_2.0,CISD,II-B,exact (oracle),0.24168954747638857,0.14708560870416643
H2O_eq,CISD,II-A,HF prior,0.4927966730806715,0.5503410542807525
H2O_eq,CISD,II-A,"data only, 1.2e+04 pilot shots",2.7220367380329558,1.0294935377400152
H2O_eq,CISD,II-A,"data only, 1.0e+05 pilot shots",0.5613314529740728,0.5879926174536118
H2O_eq,CISD,II-A,"data only, 1.0e+06 pilot shots",0.48761452841111225,0.5599563227239958
H2O_eq,CISD,II-A,exact (oracle),0.47290261051687743,0.5541645372852535
H2O_eq,CISD,II-B,HF prior,0.48211626940614705,0.53831036880593
H2O_eq,CISD,II-B,"data only, 1.2e+04 pilot shots",2.3953684384621803,1.1029917631340813
H2O_eq,CISD,II-B,"data only, 1.0e+05 pilot shots",0.5730546763501313,0.6136841096589134
H2O_eq,CISD,II-B,"data only, 1.0e+06 pilot shots",0.4828679129683211,0.5551586025651254
H2O_eq,CISD,II-B,exact (oracle),0.46279860264622413,0.5522283824450525
H2O_1.75,CISD,II-A,HF prior,0.6153437699776947,0.15244143296131
H2O_1.75,CISD,II-A,"data only, 1.2e+04 pilot shots",2.0686403942449103,0.24986203098382445
H2O_1.75,CISD,II-A,"data only, 1.0e+05 pilot shots",0.7981577657453863,0.17337582975737617
H2O_1.75,CISD,II-A,"data only, 1.0e+06 pilot shots",0.5116815526402159,0.14085439262198507
H2O_1.75,CISD,II-A,exact (oracle),0.49720919934774516,0.13481442806117494
H2O_1.75,CISD,II-B,HF prior,0.6229811904159834,0.15072378051614801
H2O_1.75,CISD,II-B,"data only, 1.2e+04 pilot shots",1.9951294563210176,0.23962875850276288
H2O_1.75,CISD,II-B,"data only, 1.0e+05 pilot shots",0.9954958858981441,0.17519717789292144
H2O_1.75,CISD,II-B,"data only, 1.0e+06 pilot shots",0.5078067006797091,0.12697579253070773
H2O_1.75,CISD,II-B,exact (oracle),0.48839864301357755,0.12493978985285224
