system,state,method,nu,seeds,P_best,P_delta_good,N50,N25,N75,N90,failures,capped,rounds,design_s,redesigns,contexts_used,twoq_per_shot
H4_1.0,CISD,B6 II-E,0.0,20,1.0,1.0,142545.0,123633.0,161457.0,210628.0,0,0,15.5,0.23517177104949952,7.5,37.0,7.513863988183543
H4_1.0,CISD,B6 II-E,20.0,20,1.0,1.0,54938.0,54938.0,72155.0,72155.0,0,0,12.0,0.19833420515060424,6.35,37.0,7.384777200076099
H4_1.0,CISD,B6 II-E,200.0,20,1.0,1.0,63546.5,54938.0,72155.0,72155.0,0,0,12.5,0.18536847829818726,6.45,37.0,7.358409232003675
H4_1.0,CISD,B6 II-E,1000.0,20,1.0,1.0,63546.5,51627.0,72155.0,74393.20000000003,0,0,12.5,0.20536121129989623,6.5,37.0,7.397858351147886
H4_1.0,CISD,B6 II-E,inf,20,1.0,1.0,72155.0,72155.0,94537.0,123633.0,0,0,13.0,0.20449997186660768,6.85,37.0,7.4363149654529055
H4_2.0,CISD,B6 II-E,0.0,20,1.0,1.0,110220.0,84282.0,143939.0,148322.40000000005,0,0,15.0,0.2373180627822876,7.3,33.0,6.646735933989332
H4_2.0,CISD,B6 II-E,20.0,20,1.0,1.0,28090.0,21103.0,37173.0,37173.0,0,0,10.0,0.17598981857299806,5.7,33.0,6.512270586670114
H4_2.0,CISD,B6 II-E,200.0,20,1.0,1.0,37173.0,28090.0,37173.0,48980.0,0,0,11.0,0.15937364101409912,5.85,33.0,6.364461819481397
H4_2.0,CISD,B6 II-E,1000.0,20,1.0,1.0,37173.0,37173.0,64329.0,64329.0,0,0,11.0,0.21084707975387573,6.35,33.0,6.350364905921371
H4_2.0,CISD,B6 II-E,inf,20,1.0,1.0,127079.5,84282.0,143939.0,187773.0,0,0,15.5,0.21994143724441528,7.45,33.0,6.680878210728008
H2O_1.75,CISD,B6 II-E,0.0,5,1.0,1.0,51890045.0,51890045.0,51890045.0,61259419.4,0,0,22.0,22.366416120529173,9.8,2431.0,21.406177090370917
H2O_1.75,CISD,B6 II-E,20.0,5,1.0,1.0,51890045.0,51890045.0,51890045.0,51890045.0,0,0,22.0,22.47165365219116,9.8,2431.0,21.764644700807644
H2O_1.75,CISD,B6 II-E,200.0,5,1.0,1.0,51890045.0,51890045.0,51890045.0,51890045.0,0,0,22.0,20.806065034866332,9.8,2431.0,21.09623369468938
H2O_1.75,CISD,B6 II-E,1000.0,5,1.0,1.0,51890045.0,39878026.0,51890045.0,51890045.0,0,0,22.0,21.954782342910768,9.6,2431.0,21.39055387612265
H2O_1.75,CISD,B6 II-E,inf,5,1.0,1.0,51890045.0,51890045.0,67505669.0,67505669.0,0,0,22.0,21.992256259918214,10.0,2431.0,22.952707629004816
