method,seed,iteration,selected,exact_best,delta_good,shots,cumulative_shots,dE_mHa
B1 II-0,0,1,"D 2,3->10,11",True,True,853096,853096,54.5851676812843
B1 II-0,0,2,"D 2,3->4,11",True,True,1852146244,1852999340,36.12058710946986
B1 II-0,0,3,"D 2,3->5,10",True,True,134301000,1987300340,23.402234525799592
B1 II-0,0,4,"D 2,3->4,5",True,True,1486859,1988787199,5.789099246304552
B1 II-0,0,5,S 3->5,True,True,1095923505,3084710704,3.1819929753114096
B1 II-0,0,6,S 2->10,True,True,295116838,3379827542,0.6843314681956869
B1 II-0,1,1,"D 2,3->10,11",True,True,853078,853078,54.5851676812843
B1 II-0,1,2,"D 2,3->4,11",True,True,3130160233,3131013311,36.12058710946986
B1 II-0,1,3,"D 2,3->5,10",True,True,174607857,3305621168,23.402234525799592
B1 II-0,1,4,"D 2,3->4,5",True,True,1953344,3307574512,5.789099246304552
B1 II-0,1,5,S 2->4,True,True,1424714870,4732289382,3.181992975313186
B1 II-0,1,6,S 3->11,True,True,103286982,4835576364,0.6843314681921342
B1 II-0,2,1,"D 2,3->10,11",True,True,853288,853288,54.5851676812843
B1 II-0,2,2,"D 2,3->4,11",True,True,3130160229,3131013517,36.12058710946986
B1 II-0,2,3,"D 2,3->5,10",True,True,227007220,3358020737,23.402234525799592
B1 II-0,2,4,"D 2,3->4,5",True,True,1487021,3359507758,5.789099246304552
B1 II-0,2,5,S 2->4,True,True,843002061,4202509819,3.181992975313186
B1 II-0,2,6,S 3->11,True,True,134293274,4336803093,0.6843314681921342
B1 II-0,3,1,"D 2,3->10,11",True,True,852958,852958,54.5851676812843
B1 II-0,3,2,"D 2,3->4,11",True,True,2407805270,2408658228,36.12058710946986
B1 II-0,3,3,"D 2,3->5,10",True,True,174608315,2583266543,23.402234525799592
B1 II-0,3,4,"D 2,3->4,5",True,True,1952930,2585219473,5.789099246304552
B1 II-0,3,5,S 3->5,True,True,1095922191,3681141664,3.1819929753114096
B1 II-0,3,6,S 2->10,True,True,226999952,3908141616,0.6843314681956869
B6 II-E,0,1,"D 2,3->10,11",True,True,255120,255120,54.5851676812843
B6 II-E,0,2,"D 2,3->4,11",True,True,103283028,103538148,36.12058710946986
B6 II-E,0,3,"D 2,3->5,10",True,True,16403819,119941967,23.402234525799592
B6 II-E,0,4,"D 2,3->4,5",True,True,477150,120419117,5.789099246304552
B6 II-E,0,5,S 3->5,True,True,61087012,181506129,3.1819929753114096
B6 II-E,0,6,S 2->10,True,True,36118955,217625084,0.6843314681956869
B6 II-E,1,1,"D 2,3->10,11",True,True,255120,255120,54.5851676812843
B6 II-E,1,2,"D 2,3->4,11",True,True,61087012,61342132,36.12058710946986
B6 II-E,1,3,"D 2,3->5,10",True,True,3345645,64687777,23.402234525799592
B6 II-E,1,4,"D 2,3->4,5",True,True,477150,65164927,5.789099246304552
B6 II-E,1,5,S 2->4,True,True,79433106,144598033,3.181992975313186
B6 II-E,1,6,S 3->11,True,True,36118955,180716988,0.6843314681921342
B6 II-E,2,1,"D 2,3->10,11",True,True,255120,255120,54.5851676812843
B6 II-E,2,2,"D 2,3->4,11",True,True,79433106,79688226,36.12058710946986
B6 II-E,2,3,"D 2,3->5,10",True,True,5700125,85388351,23.402234525799592
B6 II-E,2,4,"D 2,3->4,5",True,True,477150,85865501,5.789099246304552
B6 II-E,2,5,S 3->5,True,True,46974632,132840133,3.1819929753114096
B6 II-E,2,6,S 2->10,True,True,21344956,154185089,0.6843314681956869
B6 II-E,3,1,"D 2,3->10,11",True,True,180862,180862,54.5851676812843
B6 II-E,3,2,"D 2,3->4,11",True,True,103283028,103463890,36.12058710946986
B6 II-E,3,3,"D 2,3->5,10",True,True,16403819,119867709,23.402234525799592
B6 II-E,3,4,"D 2,3->4,5",True,True,477150,120344859,5.789099246304552
B6 II-E,3,5,S 2->4,True,True,61087012,181431871,3.181992975313186
B6 II-E,3,6,S 3->11,True,True,46974632,228406503,0.6843314681921342
