system,state,method,seeds,P_best,P_delta_good,N50,N25,N75,N90,failures,capped,rounds,design_s,redesigns,contexts_used,twoq_per_shot
LiH_3.0,HF,B1 II-0,50,1.0,1.0,612728.0,612360.5,815579.5,815731.2,0,0,9.0,0.35614494800567625,0.0,956.0,14.022587022949908
LiH_3.0,HF,B2 II-A,50,1.0,1.0,336217.0,336195.0,456210.0,456226.2,0,0,7.0,2.133130555152893,0.0,956.0,20.31312561814251
LiH_3.0,HF,B3 II-B,50,1.0,1.0,336207.0,336193.5,336224.5,456206.0,0,0,7.0,4.379791765213013,0.0,956.0,20.42816070323265
LiH_3.0,HF,B4 II-C,50,1.0,1.0,336207.0,336193.5,336224.5,456206.0,0,0,7.0,4.379791765213013,0.0,956.0,20.42816070323265
LiH_3.0,HF,B5 II-D,20,1.0,1.0,290027.5,243886.0,336169.0,336169.0,0,0,6.5,5.281680583953857,4.5,956.0,20.983606205228618
LiH_3.0,HF,B6 II-E,20,1.0,1.0,243886.0,226139.25,243886.0,243886.0,0,0,6.0,4.684643924236298,4.0,956.0,20.987336771201218
LiH_3.0,HF,oracle II-B,50,1.0,1.0,336220.0,336195.0,336236.5,456205.8,0,0,7.0,4.037421035766601,0.0,956.0,22.658830085911646
H4_1.0,HF,B1 II-0,50,1.0,1.0,789216.0,606615.0,1026590.5,1026624.6,0,0,22.0,0.009021620750427246,0.0,37.0,6.898434526677229
H4_1.0,HF,B2 II-A,50,1.0,1.0,1026292.0,788941.5,1334829.0,1334851.2,0,0,23.0,0.03416232109069824,0.0,37.0,7.837885910251694
H4_1.0,HF,B3 II-B,50,1.0,1.0,1026154.0,788809.5,1334697.0,1334701.6,0,0,23.0,0.07712956428527833,0.0,37.0,8.104872394777594
H4_1.0,HF,B4 II-C,50,1.0,1.0,1026154.0,788809.5,1334697.0,1334701.6,0,0,23.0,0.07712956428527833,0.0,37.0,8.104872394777594
H4_1.0,HF,B5 II-D,20,1.0,1.0,535892.5,357648.0,606110.0,624366.5000000002,0,0,20.5,0.2022596001625061,8.95,37.0,9.189521408030748
H4_1.0,HF,B6 II-E,20,1.0,1.0,316099.0,274550.0,465675.0,465675.0,0,0,18.5,0.1890261650085449,8.45,37.0,8.95662045993044
H4_1.0,HF,oracle II-B,50,1.0,1.0,1026150.0,788809.0,1257557.5,1334703.2,0,0,23.0,0.09827919483184815,0.0,37.0,8.10749199764283
H4_1.0,CISD,B1 II-0,50,1.0,1.0,161474.0,161457.0,210642.0,210666.0,0,0,16.0,0.008099112510681152,0.0,37.0,6.9617723053132785
H4_1.0,CISD,B2 II-A,50,1.0,1.0,161458.0,123633.0,161481.0,210642.2,0,0,16.0,0.03315977573394775,0.0,37.0,7.373385502096199
H4_1.0,CISD,B3 II-B,50,1.0,1.0,161462.0,133096.5,210632.0,210638.2,0,0,16.0,0.07623761177062988,0.0,37.0,7.469447253302703
H4_1.0,CISD,B4 II-C,50,1.0,1.0,161462.0,133096.5,210632.0,210638.2,0,0,16.0,0.07623761177062988,0.0,37.0,7.469447253302703
H4_1.0,CISD,B5 II-D,20,1.0,1.0,123633.0,94537.0,123633.0,123633.0,0,0,15.0,0.20352200269699097,7.0,37.0,7.374430511146879
H4_1.0,CISD,B6 II-E,20,1.0,1.0,63546.5,54938.0,72155.0,72155.0,0,0,12.5,0.18536847829818726,6.45,37.0,7.358409232003675
H4_1.0,CISD,oracle II-B,50,1.0,1.0,123633.0,94537.0,123633.0,161457.0,0,0,15.0,0.09404291152954102,0.0,37.0,7.4538447262687075
H4_2.0,HF,B1 II-0,50,1.0,1.0,540812.0,415597.5,703581.0,724755.1000000003,0,0,21.0,0.007202296257019043,0.0,33.0,5.548379189641646
H4_2.0,HF,B2 II-A,50,1.0,1.0,540650.0,415443.5,703422.0,915008.0,0,0,21.0,0.02697561264038086,0.0,33.0,5.1526903535123845
H4_2.0,HF,B3 II-B,50,1.0,1.0,415376.0,343123.5,540574.5,703331.0,0,0,20.0,0.0790977144241333,0.0,33.0,5.541265234352278
H4_2.0,HF,B4 II-C,50,1.0,1.0,415376.0,343123.5,540574.5,703331.0,0,0,20.0,0.0790977144241333,0.0,33.0,5.541265234352278
H4_2.0,HF,B5 II-D,20,1.0,1.0,244757.0,187773.0,263276.75,328466.2000000001,0,0,18.0,0.16577137708663942,8.25,33.0,6.9581005458466105
H4_2.0,HF,B6 II-E,20,1.0,1.0,143939.0,110220.0,187773.0,187773.0,0,0,16.0,0.13968110084533691,7.6,33.0,6.990130619973892
H4_2.0,HF,oracle II-B,50,1.0,1.0,540568.0,415362.0,540582.0,703331.2,0,0,21.0,0.08962918758392334,0.0,33.0,5.411543857179352
H4_2.0,CISD,B1 II-0,50,1.0,1.0,318943.0,244855.5,415240.5,415296.6,0,0,19.0,0.007916874885559082,0.0,33.0,5.8135610574932715
H4_2.0,CISD,B2 II-A,50,1.0,1.0,415184.0,318875.5,415200.0,415232.6,0,0,20.0,0.027565326690673828,0.0,33.0,5.387459667221975
H4_2.0,CISD,B3 II-B,50,1.0,1.0,415157.0,318853.0,415172.0,540364.2,0,0,20.0,0.07989652156829834,0.0,33.0,5.526803805023564
H4_2.0,CISD,B4 II-C,50,1.0,1.0,415157.0,318853.0,415172.0,540364.2,0,0,20.0,0.07989652156829834,0.0,33.0,5.526803805023564
H4_2.0,CISD,B5 II-D,20,1.0,1.0,64329.0,60491.75,69317.25,84282.0,0,0,13.0,0.19112327098846435,6.75,33.0,6.330008237628509
H4_2.0,CISD,B6 II-E,20,1.0,1.0,37173.0,28090.0,37173.0,48980.0,0,0,11.0,0.15937364101409912,5.85,33.0,6.364461819481397
H4_2.0,CISD,oracle II-B,50,1.0,1.0,64329.0,48980.0,64329.0,84282.0,0,0,13.0,0.08103705406188964,0.0,33.0,6.781058017683527
H2O_eq,HF,B1 II-0,10,1.0,1.0,23322724.0,23321995.5,23323650.0,30368028.2,0,0,19.0,2.1273054838180543,0.0,2409.0,12.40637630312398
H2O_eq,HF,B2 II-A,10,1.0,1.0,10527406.0,10527003.0,13734024.0,14150994.899999999,0,0,16.0,5.77144341468811,0.0,2409.0,21.456418759517977
H2O_eq,HF,B3 II-B,10,1.0,1.0,10527129.0,8677154.75,12931771.75,14150287.299999999,0,0,16.0,7.360979008674621,0.0,2409.0,21.63796533368404
H2O_eq,HF,B4 II-C,10,1.0,1.0,10527129.0,8677154.75,12931771.75,14150287.299999999,0,0,16.0,7.360979008674621,0.0,2409.0,21.63796533368404
H2O_eq,HF,B5 II-D,5,1.0,1.0,8059717.0,8059717.0,8059717.0,8059717.0,0,0,15.0,15.652972269058228,7.0,2409.0,21.438596714996322
H2O_eq,HF,B6 II-E,5,1.0,1.0,6162725.0,6162725.0,8059717.0,9539370.4,0,0,14.0,14.627713394165038,7.2,2409.0,20.532606235273327
H2O_eq,HF,oracle II-B,10,1.0,1.0,10526931.0,8060648.0,10527222.0,13733583.2,0,0,16.0,7.684748601913452,0.0,2409.0,23.464137918047243
H2O_eq,CISD,B1 II-0,10,1.0,1.0,27998103688.0,27998102788.5,36397583671.0,36397583802.6,0,0,46.0,5.122836661338806,0.0,2409.0,12.563747280787169
H2O_eq,CISD,B2 II-A,10,1.0,1.0,16566859524.0,16566859164.5,21536966124.0,27998104545.6,0,0,44.0,8.786863493919373,0.0,2409.0,21.478652024143422
H2O_eq,CISD,B3 II-B,10,1.0,1.0,14655280016.5,12743700690.5,21536965262.0,22183079317.6,0,0,43.5,10.483848881721496,0.0,2409.0,21.66724878775746
H2O_eq,CISD,B4 II-C,10,1.0,1.0,14655280016.5,12743700690.5,21536965262.0,22183079317.6,0,0,43.5,10.483848881721496,0.0,2409.0,21.66724878775746
H2O_eq,CISD,B5 II-D,5,1.0,1.0,12743700236.0,12743700236.0,12743700236.0,12743700236.0,0,0,43.0,41.59265570640564,17.0,2409.0,20.825027079709468
H2O_eq,CISD,B6 II-E,5,1.0,1.0,9802809289.0,9802809289.0,12743700236.0,12743700236.0,0,0,42.0,40.08940176963806,16.4,2409.0,20.65759580876468
H2O_eq,CISD,oracle II-B,10,1.0,1.0,16566859184.0,13699490299.75,16566859313.0,17063870026.999998,0,0,44.0,12.787998676300049,0.0,2409.0,22.411598649974938
H2O_1.75,HF,B1 II-0,10,1.0,1.0,193128142.0,159678544.5,236615345.0,258649424.39999998,0,0,27.0,2.205314016342163,0.0,2431.0,13.628420752476297
H2O_1.75,HF,B2 II-A,10,1.0,1.0,35266827.5,25314883.0,39887761.0,41089270.099999994,0,0,20.5,5.336905217170715,0.0,2431.0,22.681161964454233
H2O_1.75,HF,B3 II-B,10,1.0,1.0,39885651.0,32955401.25,39886357.0,51898058.6,0,0,21.0,7.469167685508728,0.0,2431.0,23.01886751305451
H2O_1.75,HF,B4 II-C,10,1.0,1.0,39885651.0,32955401.25,39886357.0,51898058.6,0,0,21.0,7.469167685508728,0.0,2431.0,23.01886751305451
H2O_1.75,HF,B5 II-D,5,1.0,1.0,8133306.0,6218993.0,8133306.0,8133306.0,0,0,15.0,13.108938789367675,7.0,2431.0,24.601899526538045
H2O_1.75,HF,B6 II-E,5,1.0,1.0,4746444.0,4746444.0,6218993.0,6218993.0,0,0,13.0,12.44968123435974,6.8,2431.0,24.2288921636669
H2O_1.75,HF,oracle II-B,10,1.0,1.0,30645593.0,30645407.5,39886443.0,51898724.0,0,0,20.0,7.609082484245301,0.0,2431.0,25.577224558131043
H2O_1.75,CISD,B1 II-0,10,1.0,1.0,326468212.0,326466314.5,424454921.5,437194701.99999994,0,0,29.0,3.1666346311569216,0.0,2431.0,13.826023954195716
H2O_1.75,CISD,B2 II-A,10,1.0,1.0,87807931.0,87807521.5,107601443.5,114199312.8,0,0,24.0,6.271785950660705,0.0,2431.0,22.89261533425618
H2O_1.75,CISD,B3 II-B,10,1.0,1.0,87807602.0,72582041.75,114198724.5,114198880.8,0,0,24.0,8.39107506275177,0.0,2431.0,23.192949354656967
H2O_1.75,CISD,B4 II-C,10,1.0,1.0,87807602.0,72582041.75,114198724.5,114198880.8,0,0,24.0,8.39107506275177,0.0,2431.0,23.192949354656967
H2O_1.75,CISD,B5 II-D,5,1.0,1.0,51890045.0,51890045.0,51890045.0,51890045.0,0,0,22.0,21.822445964813234,10.0,2431.0,21.52572911432241
H2O_1.75,CISD,B6 II-E,5,1.0,1.0,51890045.0,51890045.0,51890045.0,51890045.0,0,0,22.0,20.806065034866332,9.8,2431.0,21.09623369468938
H2O_1.75,CISD,oracle II-B,10,1.0,1.0,77657476.5,67506815.5,87807929.0,87808508.8,0,0,23.5,10.48791949748993,0.0,2431.0,22.114637053060132
