case,state,label,qubits,pool,universal_terms,contexts,nonzero_g,top,g1,g2,gap,z,M1,M2,M3,M3R,regroup_active,regroup_radius,regroup_contexts,winner_parent_contexts,winner_own_groups,runner_parent_contexts,runner_own_groups,M2_groups,mean_2q,E_state_minus_FCI
LiH_3.0,HF,"LiH, R=3.0 A",12,92,30196,956,30,"D 2,3->10,11",0.24318729593936123,0.14679903881368703,0.0963882571256742,3.4583582092622187,2358286.425120322,908971.7977522487,416237.0258886928,416237.0258886928,0,,0,444,52,449,51,4594,24.59937238493724,0.08801325928517656
H4_1.0,HF,"H4 square, side=1.0 A",8,26,1276,37,10,"D 2,3->6,7",0.2953158732519363,0.2737764969440173,0.021539376307919023,3.101861833740095,2163179.4111416796,964052.348385744,355668.1342341959,342963.21398928674,2,0.010769688154,9,14,8,15,8,163,7.243243243243243,0.15403149537570648
H4_1.0,CISD,"H4 square, side=1.0 A",8,26,1276,37,10,"D 0,1->6,7",0.1424668837817459,0.024385543661402165,0.11808134012034374,3.101861833740095,53254.8509166307,102362.91892085294,44971.73353648376,44971.73353648376,0,,0,14,7,15,8,163,7.243243243243243,0.004637182365750947
H4_2.0,HF,"H4 square, side=2.0 A",8,26,1276,33,10,"D 2,3->6,7",0.3150360651316808,0.2983874316806511,0.016648633451029682,3.101861833740095,575591.9100104176,456644.7710673382,141420.10654765426,141420.10654765426,0,,0,17,8,16,8,163,6.242424242424242,0.35659412642186594
H4_2.0,CISD,"H4 square, side=2.0 A",8,26,1276,33,10,"D 0,1->6,7",0.09896085416814784,0.04710184660791052,0.05185900756023732,3.101861833740095,43991.001460362786,90471.14282095252,29412.036957154665,29412.036957154665,0,,0,10,7,15,8,163,6.242424242424242,0.024124050160997612
H2O_eq,HF,"H2O eq., R(OH)=0.9572 A",14,140,81634,2409,48,"D 4,5->12,13",0.3049100566741804,0.20381958681798945,0.10109046985619097,3.5698814209232768,106461625.0360092,19510231.16830546,14034152.706236253,13965190.822319932,2,0.050545234928,140,706,65,1000,78,10393,34.91116645911166,0.04947539782854449
H2O_eq,CISD,"H2O eq., R(OH)=0.9572 A",14,140,81634,2409,58,"D 4,5->12,13",0.006925431547076144,0.0048611666416206855,0.0020642649054554586,3.5698814209232768,250962481285.6241,35812518351.99402,25208640396.073116,25168979037.062737,2,0.0010321324525,153,706,65,1022,74,10393,34.91116645911166,0.0007023429261749925
H2O_1.75,HF,"H2O stretch, R(OH)=1.75 A",14,140,81594,2431,56,"D 6,7->12,13",0.38849320264705167,0.3666375150477019,0.02185568759934975,3.5698814209232768,2190235852.5848455,10719210.326211488,11421198.914506275,8449032.224507105,2,0.0109278437995,150,680,58,959,66,10315,34.51254627725216,0.2594643161482395
H2O_1.75,CISD,"H2O stretch, R(OH)=1.75 A",14,140,81594,2431,70,"D 6,7->12,13",0.10687334260252612,0.08991683675753724,0.01695650584498888,3.5698814209232768,3001532060.6249094,108186576.25120857,84904189.42253026,81839035.57153206,2,0.0084782529225,150,680,58,959,66,10315,34.51254627725216,0.03660022091821702
