Case,State,M1_FCUG,M2_BAIFCIG,M3_BAIFCUG,M1_over_M2,M2_over_M3,M1_over_M3
"LiH, R=3.0 A",HF,2358286,908972,416237,2.59,2.18,5.67
"H4 square, side=1.0 A",HF,2163179,964052,355668,2.24,2.71,6.08
"H4 square, side=1.0 A",CISD,53255,102363,44972,0.52,2.28,1.18
"H4 square, side=2.0 A",HF,575592,456645,141420,1.26,3.23,4.07
"H4 square, side=2.0 A",CISD,43991,90471,29412,0.49,3.08,1.5
"H2O eq., R(OH)=0.9572 A",HF,106461625,19510231,14034153,5.46,1.39,7.59
"H2O eq., R(OH)=0.9572 A",CISD,250962481286,35812518352,25208640396,7.01,1.42,9.96
"H2O stretch, R(OH)=1.75 A",HF,2190235853,10719210,11421199,204.33,0.94,191.77
"H2O stretch, R(OH)=1.75 A",CISD,3001532061,108186576,84904189,27.74,1.27,35.35
