Case,State,M2,M3,M3_R,M2_over_M3,M2_over_M3R,M3R_over_M3,regroup_active,new_contexts,winner_parent_contexts,winner_own_groups,runner_parent_contexts,runner_own_groups
"LiH, R=3.0 A",HF,908972,416237,416237,2.18,2.18,1.0,0,0,444,52,449,51
"H4 square, side=1.0 A",HF,964052,355668,342963,2.71,2.81,0.964,2,9,14,8,15,8
"H4 square, side=1.0 A",CISD,102363,44972,44972,2.28,2.28,1.0,0,0,14,7,15,8
"H4 square, side=2.0 A",HF,456645,141420,141420,3.23,3.23,1.0,0,0,17,8,16,8
"H4 square, side=2.0 A",CISD,90471,29412,29412,3.08,3.08,1.0,0,0,10,7,15,8
"H2O eq., R(OH)=0.9572 A",HF,19510231,14034153,13965191,1.39,1.4,0.995,2,140,706,65,1000,78
"H2O eq., R(OH)=0.9572 A",CISD,35812518352,25208640396,25168979037,1.42,1.42,0.998,2,153,706,65,1022,74
"H2O stretch, R(OH)=1.75 A",HF,10719210,11421199,8449032,0.94,1.27,0.74,2,150,680,58,959,66
"H2O stretch, R(OH)=1.75 A",CISD,108186576,84904189,81839036,1.27,1.32,0.964,2,150,680,58,959,66
